ms-python,python,2026.4.0
d-biehl,robotcode,2.6.2
xabikos,JavaScriptSnippets,1.8.0
redhat,vscode-xml,0.29.3
tomoki1207,pdf,1.2.2
jebbs,plantuml,2.18.1
hediet,vscode-drawio,1.6.6
ms-python,debugpy,2026.6.0
ms-python,pylint,2025.2.0
ms-pyright,pyright,1.1.402
bazelbuild,vscode-bazel,0.15.0
github,vscode-pull-request-github,0.156.0
mhutchie,git-graph,1.30.0
github,vscode-github-actions,0.32.3
tintinweb,graphviz-interactive-preview,0.3.5
davidanson,vscode-markdownlint,0.62.1
ms-vscode,powershell,2025.4.0
grapecity,gc-excelviewer,4.2.58
formulahendry,code-runner,0.12.2
njpwerner,autodocstring,0.6.1
jeanp413,open-remote-ssh,0.3.1